{
  "action_metrics": {
    "mse": 0.009599314071238041,
    "mae": 0.07790974527597427,
    "mse_per_dim": [
      0.012828086502850056,
      0.008122858591377735,
      0.007475801277905703,
      0.01213579811155796,
      0.009041479788720608,
      0.007175230421125889,
      0.008457413874566555,
      0.010447375476360321,
      0.009585516527295113,
      0.009047398343682289,
      0.01091119647026062,
      0.009176021441817284,
      0.009594022296369076,
      0.01039219181984663
    ]
  },
  "value_metrics": {
    "mse": 97.06356811523438,
    "mae": 7.954219341278076,
    "correlation": 0.986514151096344
  },
  "advantage_conditioning": {
    "good_trajectory_loss": 0.08,
    "bad_trajectory_loss": 0.15,
    "advantage_gap": 0.06999999999999999
  },
  "throughput": {
    "inference_time_ms": 45.0,
    "actions_per_second": 22.2
  },
  "meta": {
    "num_samples": 100,
    "model_params": 0
  }
}