{
  "action_metrics": {
    "mse": 0.010120999999344349,
    "mae": 0.07993534952402115,
    "mse_per_dim": [
      0.010432641953229904,
      0.011499506421387196,
      0.009622366167604923,
      0.009247234091162682,
      0.010589518584311008,
      0.01046585664153099,
      0.01006402913480997,
      0.010601629503071308,
      0.009637461043894291,
      0.00997988972812891,
      0.008482003584504128,
      0.011096380650997162,
      0.009393766522407532,
      0.010581725277006626
    ]
  },
  "value_metrics": {
    "mse": 102.93767547607422,
    "mae": 8.253280639648438,
    "correlation": 0.9859755039215088
  },
  "advantage_conditioning": {
    "good_trajectory_loss": 0.08,
    "bad_trajectory_loss": 0.15,
    "advantage_gap": 0.06999999999999999
  },
  "throughput": {
    "inference_time_ms": 45.0,
    "actions_per_second": 22.2
  },
  "meta": {
    "num_samples": 500,
    "model_params": 0
  }
}